Fold,Accuracy_Val,Macro_F1_Val,Precision_Macro_Val,Recall_Macro_Val,Balanced_Accuracy_Val,Accuracy_Train,Macro_F1_Train,Precision_Macro_Train,Recall_Macro_Train,Balanced_Accuracy_Train
1,0.8209993674889311,0.6479506114754571,0.6549177463127432,0.6426883688691957,0.6426883688691957,0.9212523719165086,0.9085374180702691,0.8792081447651253,0.9453878840438416,0.9453878840438416
2,0.8127767235926628,0.6581737448703572,0.648159258400149,0.6709357795202612,0.6709357795202612,0.9255218216318786,0.9121779892632711,0.8833488064679752,0.94823316057934,0.94823316057934
3,0.8209993674889311,0.6871539573979172,0.6990079365079366,0.6784864453127661,0.6784864453127661,0.9259962049335864,0.9113654755439153,0.8819067488412552,0.9484849229156945,0.9484849229156945
4,0.8115117014547755,0.6767865404286025,0.6702896496864216,0.6843216289683021,0.6843216289683021,0.9282099936748893,0.9168755657296216,0.889907280224613,0.9499495215728361,0.9499495215728361
5,0.814674256799494,0.6584141986377507,0.6634912143460391,0.6541886445209708,0.6541886445209708,0.9258380771663504,0.9179233748575691,0.8925267878650383,0.9485458560139866,0.9485458560139866
Mean,0.8161922833649589,0.665695810562017,0.6671731610506579,0.6661241734382991,0.6661241734382991,0.9253636938646427,0.9133759646929291,0.8853795536328015,0.9481202690251397,0.9481202690251397
Std,0.004530298438828608,0.015874128241509317,0.01967514832071906,0.017311979184153368,0.017311979184153368,0.0025325138168954702,0.003931122352125137,0.005609230335801934,0.0016687520649619903,0.0016687520649619903
