Class,AUC
C,0.9009546416754014
CL,0.7907541999285119
D,0.9046678744826203
Macro Average,0.865458905362178
